"Type","Title/Subject","Content","CTA","Channel","Status"
"LinkedIn Post","Post 1: Most commercial cleaning companies don't have a le","Most commercial cleaning companies don't have a lead generation problem. They have a follow-up problem.

A prospect visits your website. Maybe they fill out a form. Then nothing happens.

No structured follow-up. No nurture sequence. No booked call.

The lead goes cold — and that contract goes to a competitor who simply stayed in front of them longer.

Winning office cleaning contracts isn't about getting more random enquiries. It's about building a system that:

→ Reaches the right facilities managers and office decision-makers
→ Builds credibility before the first conversation
→ Follows up consistently until a meeting is booked

That's what separates cleaning companies with predictable pipelines from those chasing one-off jobs.

If you want a contract acquisition system that actually converts, book a CleanReach growth strategy call today. Link in the comments.","If you want a contract acquisition system that actually converts, book a CleanReach growth strategy call today. Link in the comments.","LinkedIn","Generated"
"Blog Article","Office Cleaning Contract Lead Generation: How to Build a System That Wins Recurring Work","# Office Cleaning Contract Lead Generation: How to Build a System That Wins Recurring Work

Most commercial cleaning companies do not have a lead generation problem. They have a system problem. Enquiries trickle in through word of mouth and referrals, but there is no pipeline and no way to forecast where the next contract is coming from.

Office cleaning contract lead generation is not about blasting more emails. It is about building a repeatable outbound system that identifies the right prospec...","Book a CleanReach growth strategy call","Blog","Generated"
"Email Newsletter","Why your cold emails aren't booking jobs","Most cleaning company owners who try cold email give up after two weeks. Not because the channel doesn't work — but because they never had a system. They had a spreadsheet.

Here's the pattern I see constantly: a list gets pulled together, a few emails go out, a handful of replies come in, and then nothing happens. No follow-up. No structure. No booked call. Just silence.

The problem isn't lead generation. It's what happens after someone shows interest.

Office cleaning is a high-trust purchase. Facilities managers and office managers aren't going to hand over a contract after one email. They need to see consistency. They need to feel like you're credible, reliable, and actually worth a conversation. That doesn't happen with a single cold email and a prayer.

What works is a sequence — not just three follow-ups that say ""just checking in"", but a structured series of touchpoints that build familiarity, demonstrate authority, and make it easy for a prospect to say yes to a 20-minute call.

The cleaning companies winning commercial contracts through cold outreach are doing four things differently:

First, they're targeting a specific vertical — offices, schools, healthcare, or property management — not blasting every business in a postcode.

Second, they're leading with relevance. Not ""we offer competitive rates"" but something specific to the prospect's situation.

Third, they're following up five to eight times across email and LinkedIn, with varied messages, over four to six weeks.

Fourth, they're tracking everything. Open rates, reply rates, conversion to call. If something isn't converting, they change it.

Generating interest from office managers and facilities teams is achievable. Converting that interest into recurring contracts requires a system that follows up, builds trust, and creates enough familiarity that booking a call feels like the obvious next step.

If your current outreach isn't producing booked conversations consistently, it's worth looking at the process — not just the list.

Book a CleanReach growth strategy call and we'll walk through exactly where your current approach is losing contracts.","Book a CleanReach growth strategy call and we'll walk through exactly where your current approach is losing contracts.","Email","Generated"
"GBP Post","Post 1","Struggling to win consistent office cleaning contracts in [CITY]? A reliable contract cleaning services pipeline starts with the right outreach system — not more cold calls. We help cleaning companies book more commercial conversations, consistently.","Book a CleanReach growth strategy call","Google Business Profile","Generated"
"Video Script","LinkedIn Video Script 1","","","Video","Generated"
"Cold Email Angle","More office contracts, [City]","Hi [First Name],

Most cleaning companies in [City] lose contracts not because of poor service — but because their follow-up stops too early.

At CleanReach, we build outbound systems that keep [Company] in front of the right [Industry] decision-makers until they're ready to switch.

No chasing. No guessing. Just a consistent pipeline of contract conversations.

Worth a 20-minute call to see what this looks like for [Company]?","Worth a 20-minute call to see if we can build this for [Company]?","Cold Email","Generated"